Seller_ID,Order_Value,Commission_Rate,Promotion_Used,Subscription,Promotion_Income,Subscription_Income
Идентификатор продавца,Стоимость заказа,Процент комиссии с каждой продажи,Использование платного продвижения,Наличие платной подписки,Доход от платного продвижения,Доход от подписки
2,1930.8678494144076,0.08418271361337601,TRUE,TRUE,5000,3000
3,2323.844269050346,0.10545720998174546,TRUE,FALSE,5000,0
4,2761.514928204013,0.10825902905947604,TRUE,FALSE,5000,0
5,1882.923312638332,0.08126344579302568,FALSE,FALSE,0,0
6,1882.9315215254096,0.1174484898497476,FALSE,FALSE,0,0
7,2789.6064077536957,0.0820788513460589,FALSE,FALSE,0,0
8,2383.717364576454,0.10165185341204282,TRUE,FALSE,5000,0
9,1765.262807032524,0.10836242077803665,FALSE,FALSE,0,0
10,2271.2800217929826,0.11483876494984342,TRUE,FALSE,5000,0
11,1768.291153593769,0.10856347728529711,TRUE,FALSE,5000,0
12,1767.1351232148716,0.11206912332279167,FALSE,TRUE,0,3000
13,2120.981135783017,0.09357800770171223,TRUE,FALSE,5000,0
14,1043.359877671101,0.11259300454986049,TRUE,FALSE,5000,0
15,1137.5410837434836,0.083204593855387,FALSE,FALSE,0,0
16,1718.8562353795137,0.1157926662424211,FALSE,FALSE,0,0
17,1493.5844398327881,0.10190369504614945,TRUE,FALSE,5000,0
18,2157.123666297637,0.11269191079849974,FALSE,TRUE,0,3000
19,1545.9879622393946,0.098092731380732,FALSE,FALSE,0,0
20,1293.8481493323543,0.105743107807861,TRUE,FALSE,5000,0
21,2732.824384460777,0.10105610643744453,TRUE,FALSE,5000,0
22,1887.1118497567322,0.10926358087021328,TRUE,TRUE,5000,3000
23,2033.764102343962,0.08326519928122358,TRUE,FALSE,5000,0
24,1287.6259068932716,0.08241408335962255,TRUE,FALSE,5000,0
25,1727.8086377374086,0.08988412936040585,FALSE,FALSE,0,0
26,2055.461294854933,0.08638178720452754,FALSE,TRUE,0,3000
27,1424.5032112888484,0.11487134266368806,FALSE,FALSE,0,0
28,2187.849009172836,0.08876855949432177,TRUE,FALSE,5000,0
29,1699.6806550405975,0.11903461023276525,FALSE,FALSE,0,0
30,1854.1531251033616,0.09347583167084428,FALSE,FALSE,0,0
31,1699.1466938853016,0.08728471662754797,FALSE,FALSE,0,0
32,2926.139092254469,0.11158794028569916,TRUE,FALSE,5000,0
33,1993.2513876310331,0.10634831102003504,FALSE,TRUE,0,3000
34,1471.1445355220499,0.09992782865812555,TRUE,FALSE,5000,0
35,2411.2724560515944,0.10221454203750524,TRUE,FALSE,5000,0
36,1389.5781750144888,0.10876807113089054,TRUE,FALSE,5000,0
37,2104.431797502378,0.08913818965325195,FALSE,TRUE,0,3000
38,1020.1649380601123,0.11985335664226968,FALSE,TRUE,0,3000
39,1335.9069755507849,0.11899172648587132,TRUE,FALSE,5000,0
40,2098.4306179345617,0.10601302745387747,TRUE,FALSE,5000,0
41,2369.2332899977055,0.08798169803716581,TRUE,FALSE,5000,0
42,2085.6841405949854,0.10720912969725165,TRUE,FALSE,5000,0
43,1942.1758588058797,0.08288793635916704,TRUE,FALSE,5000,0
44,1849.4481522053557,0.08122610008823225,TRUE,FALSE,5000,0
45,1260.7390048162863,0.09030731554044855,FALSE,FALSE,0,0
46,1640.0778958026458,0.09850491826957265,TRUE,FALSE,5000,0
47,1769.6806145201062,0.11473090021633522,TRUE,FALSE,5000,0
48,2528.561113109458,0.10908676279065233,TRUE,TRUE,5000,3000
49,2171.8091447842307,0.10970826084799924,FALSE,FALSE,0,0
50,1118.479922318633,0.09701973337792301,FALSE,FALSE,0,0
51,2162.0419846973973,0.09383739970187852,FALSE,FALSE,0,0
52,1807.4588597918419,0.0948415505193841,TRUE,FALSE,5000,0
53,1661.5389998470207,0.11950598254944231,FALSE,FALSE,0,0
54,2305.8381444204338,0.0816043676564993,TRUE,FALSE,5000,0
55,2515.4997612479756,0.11468125984489794,FALSE,FALSE,0,0
56,2465.6400595580994,0.10314701634289573,FALSE,FALSE,0,0
57,1580.3912383886807,0.09754461676758362,FALSE,FALSE,0,0
58,1845.3938120743928,0.10901030641660546,FALSE,FALSE,0,0
59,2165.631715701782,0.09946675765698812,FALSE,TRUE,0,3000
60,2487.7725635611796,0.11493692952326642,TRUE,TRUE,5000,3000
61,1760.412881077355,0.11602807456045033,FALSE,FALSE,0,0
62,1907.1705116680914,0.09686883707493821,TRUE,FALSE,5000,0
63,1446.8325129969858,0.09107311188940206,FALSE,FALSE,0,0
64,1401.8966879596646,0.10369401314373448,TRUE,FALSE,5000,0
65,2406.262911197099,0.11649453382466764,TRUE,FALSE,5000,0
66,2678.1200142854113,0.08842648756022667,TRUE,FALSE,5000,0
67,1963.994939209833,0.10491866334253931,TRUE,FALSE,5000,0
68,2501.766448946012,0.10526240880370082,TRUE,FALSE,5000,0
69,2180.818012523817,0.10932452089661124,FALSE,FALSE,0,0
70,1677.4401226974378,0.0852627074050904,TRUE,FALSE,5000,0
71,2180.697802754207,0.10863299858728354,TRUE,FALSE,5000,0
72,2769.0182832329847,0.11636130082662563,FALSE,FALSE,0,0
73,1982.0869804450242,0.08718732435480968,TRUE,TRUE,5000,3000
74,2782.3218279070034,0.0895017329969551,FALSE,FALSE,0,0
75,690.1274479551278,0.11885580376166557,FALSE,FALSE,0,0
76,2410.9512521876118,0.0872390781083796,FALSE,FALSE,0,0
77,2043.5235341190855,0.11417540373478316,FALSE,FALSE,0,0
78,1850.4963247670662,0.09969111425792139,TRUE,FALSE,5000,0
79,2045.8803882677512,0.08988924297612708,FALSE,FALSE,0,0
80,1006.2155426995536,0.11482999605090045,TRUE,FALSE,5000,0
81,1890.164056081244,0.09781221020010662,TRUE,FALSE,5000,0
82,2178.5562857558734,0.1005926941571876,FALSE,TRUE,0,3000
83,2738.947022370758,0.09436933477599063,TRUE,TRUE,5000,3000
84,1740.8648908631762,0.1037180340573971,FALSE,FALSE,0,0
85,1595.7531985534063,0.08654095490340091,FALSE,FALSE,0,0
86,1749.1214782077318,0.09564326146607043,FALSE,FALSE,0,0
87,2457.701058851037,0.1187764928934115,FALSE,TRUE,0,3000
88,2164.3755548298423,0.0903253373080451,TRUE,FALSE,5000,0
89,1735.1198981164807,0.10626946658165168,TRUE,TRUE,5000,3000
90,2256.633716556678,0.0930076025689878,FALSE,FALSE,0,0
91,2048.5387746740203,0.11093892502746402,TRUE,FALSE,5000,0
92,2484.3224952664445,0.085234946428734,FALSE,FALSE,0,0
93,1648.9734530613239,0.11879284180314179,FALSE,TRUE,0,3000
94,1836.1689267011159,0.09815158165534557,FALSE,FALSE,0,0
95,1803.9459234339213,0.08944201853385855,TRUE,FALSE,5000,0
96,1268.2425259339407,0.08293986989320051,TRUE,FALSE,5000,0
97,2148.060138532288,0.08679031620350162,TRUE,FALSE,5000,0
98,2130.5276360899447,0.1007909579422407,TRUE,FALSE,5000,0
99,2002.5567283212304,0.09348012705725145,FALSE,FALSE,0,0
100,1882.7064333124265,0.11315533463530437,TRUE,FALSE,5000,0
101,1292.3146289747929,0.09723550094647224,TRUE,FALSE,5000,0
102,1789.6773386173204,0.08994857090350519,TRUE,FALSE,5000,0
103,1828.6427417366153,0.1046857994641612,FALSE,FALSE,0,0
104,1598.8613653891905,0.10827108867541783,FALSE,FALSE,0,0
105,1919.3571441669953,0.086681676316038,TRUE,TRUE,5000,3000
106,2202.0254284072694,0.0867047686515327,TRUE,TRUE,5000,3000
107,2943.0929506052653,0.08146685707734172,TRUE,FALSE,5000,0
108,2087.2889064159194,0.10945608060262561,TRUE,FALSE,5000,0
109,2128.775195361382,0.1065521811048722,FALSE,FALSE,0,0
110,1962.7770421169164,0.09898523502999255,FALSE,FALSE,0,0
111,1040.6143923504792,0.11376681795876789,TRUE,FALSE,5000,0
112,1986.7430622753916,0.11222680611800212,TRUE,FALSE,5000,0
113,2030.1151049705131,0.10341417457587009,FALSE,FALSE,0,0
114,3231.621056242643,0.11473085122053034,TRUE,TRUE,5000,3000
115,1903.8195176094387,0.08823364840147073,FALSE,FALSE,0,0
116,2150.7736711668063,0.08447678477590911,TRUE,TRUE,5000,3000
117,1982.6441151473784,0.09078998446067958,TRUE,TRUE,5000,3000
118,1415.660981190234,0.0822834742435726,TRUE,FALSE,5000,0
119,2571.4114072575103,0.10124678112004128,FALSE,FALSE,0,0
120,2375.966516343387,0.11746422769179846,FALSE,FALSE,0,0
121,2395.5159735215234,0.08157374162674039,TRUE,FALSE,5000,0
122,1545.3062726026305,0.08488439656040107,TRUE,FALSE,5000,0
123,2701.3971554680497,0.09808796113133741,TRUE,FALSE,5000,0
124,1299.0744686038597,0.1173550007011162,TRUE,TRUE,5000,3000
125,2293.428546900135,0.09264624419907003,TRUE,FALSE,5000,0
126,3095.227812904989,0.1002893923475357,TRUE,FALSE,5000,0
127,1504.7318374346557,0.08166291436201568,FALSE,FALSE,0,0
128,1716.851135198614,0.08593372803848355,TRUE,TRUE,5000,3000
129,2049.8256825438207,0.11946520491835387,TRUE,FALSE,5000,0
130,1748.2621729419004,0.11860474785744182,FALSE,FALSE,0,0
131,1224.6682844669335,0.08019759923737639,TRUE,FALSE,5000,0
132,2034.2814874030137,0.11807247141692956,FALSE,FALSE,0,0
133,1468.8481431369476,0.10556479751262002,TRUE,FALSE,5000,0
134,2236.796215317591,0.11471673178080088,FALSE,FALSE,0,0
135,1540.2878828830985,0.09818959422535437,FALSE,FALSE,0,0
136,2774.96720250877,0.10062384114317001,FALSE,FALSE,0,0
137,1608.3733538318816,0.0995538632102768,FALSE,FALSE,0,0
138,1838.9692418971622,0.10667457030184417,TRUE,FALSE,5000,0
139,2406.758608684835,0.08558605019025252,FALSE,FALSE,0,0
140,1384.5678417830222,0.08119894359490712,TRUE,FALSE,5000,0
141,2113.729967302065,0.09231719766364764,TRUE,FALSE,5000,0
142,2653.571377141214,0.10818723050946587,TRUE,FALSE,5000,0
143,1196.2583827193862,0.08807413808491793,FALSE,FALSE,0,0
144,2092.3169292661523,0.10693729733299669,TRUE,FALSE,5000,0
145,2129.9413971242116,0.11879648184429081,FALSE,FALSE,0,0
146,2390.9114358886554,0.08375602863157673,FALSE,FALSE,0,0
147,1381.5246445609591,0.10690408472900505,FALSE,FALSE,0,0
148,1339.7716934578618,0.09775000877218284,FALSE,FALSE,0,0
149,2260.970782808449,0.1147256901751002,TRUE,FALSE,5000,0
150,2148.492336616593,0.08708599157789544,TRUE,FALSE,5000,0
151,2125.2464251729384,0.10770503808904658,TRUE,FALSE,5000,0
152,2173.2241047484877,0.1135246115859244,TRUE,FALSE,5000,0
153,1659.9876392107547,0.11778456877896093,TRUE,FALSE,5000,0
154,2116.1268485805017,0.10732992113158583,TRUE,TRUE,5000,3000
155,2146.5362366493405,0.09988699056033709,TRUE,FALSE,5000,0
156,1642.824290986816,0.10471388960804855,FALSE,FALSE,0,0
157,2932.8872555723783,0.11475619937914872,FALSE,FALSE,0,0
158,2236.9164604558937,0.10282438986555319,TRUE,FALSE,5000,0
159,1404.3482513986755,0.08121548238787347,FALSE,FALSE,0,0
160,2328.276804316915,0.1172379478202791,TRUE,TRUE,5000,3000
161,1512.6591648863393,0.10758107004126244,TRUE,FALSE,5000,0
162,2393.542301871226,0.10706053543108986,FALSE,FALSE,0,0
163,2579.297789503702,0.08862700609590869,TRUE,FALSE,5000,0
164,1589.6588408241448,0.10635541880930628,TRUE,FALSE,5000,0
165,2481.6880646221607,0.09575457622616634,FALSE,FALSE,0,0
166,2206.390463468249,0.10604931908165968,FALSE,TRUE,0,3000
167,2411.030079997245,0.08426372121231963,FALSE,FALSE,0,0
168,2948.396491326974,0.10631381218412143,FALSE,FALSE,0,0
169,1877.3059419985648,0.11997654903082666,FALSE,TRUE,0,3000
170,1623.1319178212552,0.08192848155442224,TRUE,FALSE,5000,0
171,1555.2427851872383,0.11908696736885269,TRUE,FALSE,5000,0
172,1592.0948575172808,0.09627631842891482,TRUE,FALSE,5000,0
173,1961.4491452929478,0.11483013801349036,TRUE,FALSE,5000,0
174,2170.575987408322,0.11129541936233094,FALSE,TRUE,0,3000
175,2138.3453996650096,0.10268065043946671,TRUE,TRUE,5000,3000
176,2413.591624518012,0.10953796837005306,FALSE,FALSE,0,0
177,2006.5009459389535,0.11514062245205392,FALSE,FALSE,0,0
178,2726.7670385786587,0.09616561286604132,FALSE,FALSE,0,0
179,1867.671583381022,0.09308132646252955,FALSE,FALSE,0,0
180,3360.0845832948094,0.10670373542254338,FALSE,FALSE,0,0
181,2312.8336738825033,0.11231383767765034,TRUE,FALSE,5000,0
182,1571.4212217918587,0.11049140539106463,FALSE,FALSE,0,0
183,1464.5537509694439,0.11191254595434538,TRUE,FALSE,5000,0
184,2241.2362076215927,0.09742333259251731,FALSE,FALSE,0,0
185,1888.2686073370746,0.11271336864700086,TRUE,TRUE,5000,3000
186,2357.000247046046,0.08480836221482434,FALSE,FALSE,0,0
187,2236.6188122867725,0.10177956391843399,FALSE,FALSE,0,0
188,1963.5855436715635,0.08023034641992487,TRUE,FALSE,5000,0
189,1576.6031409657976,0.09298343319601081,TRUE,FALSE,5000,0
190,1242.5763876570677,0.09465846139485591,FALSE,FALSE,0,0
191,1776.7425239664894,0.0958469076643702,TRUE,FALSE,5000,0
192,2428.199397161736,0.10781868826759448,FALSE,TRUE,0,3000
193,2107.046872065102,0.09554232405081382,FALSE,TRUE,0,3000
194,1377.130610644006,0.09794774490490123,TRUE,FALSE,5000,0
195,2086.590462925591,0.0895017652349731,TRUE,TRUE,5000,3000
196,2192.658689864418,0.0949300716651736,TRUE,FALSE,5000,0
197,1558.0712818994334,0.08909078509052606,FALSE,FALSE,0,0
198,2076.8625529727638,0.08292783695073774,TRUE,FALSE,5000,0
199,2029.1043592229998,0.10413794373525512,FALSE,FALSE,0,0
200,1428.5148510846884,0.10672851194220065,TRUE,FALSE,5000,0
201,2178.8936801741415,0.10477961384038458,FALSE,FALSE,0,0
202,2280.3922631841174,0.09853976175202289,FALSE,FALSE,0,0
203,2541.5256215876384,0.09519143120716919,FALSE,TRUE,0,3000
204,2526.9010260174514,0.11453334598287301,TRUE,FALSE,5000,0
205,1311.1653160214546,0.10076327140544872,FALSE,FALSE,0,0
206,1531.0874800424385,0.09916727510518925,FALSE,FALSE,0,0
207,2257.51763360433,0.08102568263225743,FALSE,FALSE,0,0
208,2256.8929754561045,0.09364991310504625,FALSE,TRUE,0,3000
209,2257.523843153024,0.09520782475143429,TRUE,FALSE,5000,0
210,3926.365745327361,0.09595291123587602,TRUE,FALSE,5000,0
211,2285.4452553465835,0.10320689476909328,FALSE,FALSE,0,0
212,2567.7828200902995,0.10134410186907514,TRUE,FALSE,5000,0
213,2477.0008817466014,0.10431620371173778,FALSE,FALSE,0,0
214,2325.6956256528993,0.11059533046168513,FALSE,TRUE,0,3000
215,1842.3653776798271,0.11251942954864375,TRUE,FALSE,5000,0
216,2379.4846102466336,0.10872492304905977,FALSE,TRUE,0,3000
217,1613.587392731214,0.1182209478381974,TRUE,FALSE,5000,0
218,1881.5906966299956,0.08072930330705447,FALSE,FALSE,0,0
219,1757.3182260854483,0.08783111942734184,FALSE,FALSE,0,0
220,2040.9370696931612,0.08030251499912569,FALSE,FALSE,0,0
221,3157.329283336754,0.10589898856618411,TRUE,TRUE,5000,3000
222,1066.367403704126,0.11592122195799948,TRUE,FALSE,5000,0
223,2343.1300951872568,0.08973929186305198,FALSE,TRUE,0,3000
224,1193.642064405174,0.11708138179185226,FALSE,FALSE,0,0
225,1764.0340671052832,0.08241069561158243,FALSE,FALSE,0,0
226,2544.475298483683,0.11737744107222056,TRUE,FALSE,5000,0
227,2032.1400095477313,0.09406490748958538,TRUE,FALSE,5000,0
228,1461.127611035347,0.08405683313796866,TRUE,TRUE,5000,3000
229,1642.348145370016,0.09943487036745302,FALSE,TRUE,0,3000
230,2339.798874467338,0.09027106270882032,TRUE,TRUE,5000,3000
231,1634.8166841414318,0.09139491607847691,TRUE,FALSE,5000,0
232,2108.2292947909873,0.09229159859705147,FALSE,FALSE,0,0
233,2022.7859199519069,0.11212103591330654,TRUE,FALSE,5000,0
234,1674.1998261970914,0.10156645106701018,FALSE,FALSE,0,0
235,3071.972044662663,0.09245230796624014,FALSE,FALSE,0,0
236,2316.9595111590056,0.10441335133243673,FALSE,FALSE,0,0
237,987.4287066711964,0.10864602696892774,TRUE,FALSE,5000,0
238,2093.227157384714,0.09090496002934136,TRUE,FALSE,5000,0
239,1669.106767615806,0.09654196406101406,FALSE,FALSE,0,0
240,2426.216667398112,0.0848754437334779,FALSE,TRUE,0,3000
241,1603.7396307836498,0.08724597398138721,FALSE,FALSE,0,0
242,1942.6317792665504,0.1072447141585993,TRUE,FALSE,5000,0
243,2252.4936394902284,0.08725753390782508,FALSE,FALSE,0,0
244,2432.8775970850606,0.10100653534668241,FALSE,TRUE,0,3000
245,1399.8517964721118,0.1083618504688973,FALSE,FALSE,0,0
246,1832.7493820795257,0.08427507692378976,FALSE,FALSE,0,0
247,1762.5273444195218,0.10269248878515613,FALSE,TRUE,0,3000
248,1673.335383713144,0.09026251134805455,FALSE,FALSE,0,0
249,2882.7271201405483,0.11851707500950319,TRUE,FALSE,5000,0
250,2202.490855480478,0.09934182586879699,TRUE,TRUE,5000,3000
251,1369.5580228324775,0.11223970199100633,TRUE,TRUE,5000,3000
252,2458.9309735273882,0.10200906168625047,TRUE,FALSE,5000,0
253,3061.0780985063166,0.08173650131419277,TRUE,FALSE,5000,0
254,2516.2326302755737,0.10532605502376088,TRUE,FALSE,5000,0
255,1240.3150170229933,0.11805613368826628,TRUE,FALSE,5000,0
256,1757.8829635668744,0.10406447280585325,TRUE,TRUE,5000,3000
257,2633.455574593311,0.1127675543770716,FALSE,FALSE,0,0
258,1646.1652671906097,0.11536825853393631,FALSE,FALSE,0,0
259,2221.909714073114,0.0891231908779573,TRUE,TRUE,5000,3000
260,2387.3170267146684,0.08848179359632907,FALSE,FALSE,0,0
261,1536.5347642109587,0.10443923955403966,FALSE,FALSE,0,0
262,1970.2373219690999,0.09644113879226819,TRUE,FALSE,5000,0
263,379.3663299654638,0.11359445211466881,TRUE,TRUE,5000,3000
264,1487.8061793328552,0.11600092493592044,FALSE,FALSE,0,0
265,1873.7159243034198,0.09413685517210872,FALSE,FALSE,0,0
266,1376.1084090175752,0.08947482235897929,FALSE,FALSE,0,0
267,2816.2056519658177,0.11122102060975447,TRUE,TRUE,5000,3000
268,1284.9293110196836,0.09099224142192544,TRUE,FALSE,5000,0
269,1779.9777566515081,0.11290457274054713,TRUE,FALSE,5000,0
270,2065.3702886430456,0.09694953014595051,TRUE,FALSE,5000,0
271,2720.6366445330577,0.10670199597165882,TRUE,FALSE,5000,0
272,1282.0689244102803,0.08382141255338672,TRUE,FALSE,5000,0
273,2581.58187607748,0.10495437298706292,FALSE,FALSE,0,0
274,2005.1165305097936,0.09807070714948916,FALSE,FALSE,0,0
275,1509.2456744760245,0.10346433852701896,TRUE,FALSE,5000,0
276,2231.0517371316355,0.08672056830979454,FALSE,FALSE,0,0
277,2099.529847786735,0.10947494979776728,TRUE,FALSE,5000,0
278,1699.8915614206026,0.11451188310172913,TRUE,FALSE,5000,0
279,2034.9010424950095,0.08866959200363103,TRUE,FALSE,5000,0
280,1807.3432015691199,0.08382858222080647,FALSE,FALSE,0,0
281,2056.758672625624,0.08094554344185345,FALSE,TRUE,0,3000
282,2331.0653372605234,0.10567886001773064,FALSE,FALSE,0,0
283,2793.008408072676,0.10428376144355123,TRUE,FALSE,5000,0
284,1381.0922505865756,0.1018678965085628,FALSE,FALSE,0,0
285,3066.5166873281332,0.08927788384463901,TRUE,FALSE,5000,0
286,1023.9561002387491,0.09563623983622059,FALSE,FALSE,0,0
287,1924.1074524822084,0.10377905340744692,FALSE,FALSE,0,0
288,2294.1586032422883,0.09987067435436678,TRUE,FALSE,5000,0
289,2140.495933867516,0.11951142080859549,FALSE,FALSE,0,0
290,1688.6502400897032,0.08545759010226933,FALSE,FALSE,0,0
291,1895.9388748213623,0.10780578216190376,TRUE,FALSE,5000,0
292,1753.4995326705837,0.09617275072417168,FALSE,FALSE,0,0
293,1705.3176215278943,0.0971279845970246,TRUE,TRUE,5000,3000
294,2424.8010485105124,0.10870391062632705,FALSE,TRUE,0,3000
295,2178.5077429825237,0.10769744605297478,FALSE,FALSE,0,0
296,1653.545202369673,0.11965023974808753,FALSE,TRUE,0,3000
297,2449.799937716625,0.08513577157816501,FALSE,FALSE,0,0
298,2153.649760438305,0.08416438597536666,FALSE,FALSE,0,0
299,2406.43105941948,0.10897355268514965,TRUE,FALSE,5000,0
300,2314.8144209618063,0.10313547668025635,FALSE,FALSE,0,0
301,1585.502494538964,0.09096642666239224,TRUE,FALSE,5000,0
302,1719.9094799015152,0.08317677475955947,TRUE,FALSE,5000,0
303,2373.646802561631,0.08342632998385723,TRUE,FALSE,5000,0
304,2305.1851327167324,0.11576763498656473,TRUE,FALSE,5000,0
305,1989.549203017926,0.08767469298874972,FALSE,TRUE,0,3000
306,2058.663691654391,0.09293486248462082,TRUE,FALSE,5000,0
307,2638.8324478942122,0.08906625608907952,FALSE,TRUE,0,3000
308,1704.214305582085,0.0941998522332775,TRUE,FALSE,5000,0
309,2273.548690585019,0.08277695370984374,TRUE,FALSE,5000,0
310,1898.903673783053,0.10076239163633081,FALSE,TRUE,0,3000
311,1891.15939838639,0.0827045025436886,TRUE,FALSE,5000,0
312,2549.388425993595,0.11201426031289446,TRUE,FALSE,5000,0
313,2412.708174494015,0.08934848327641733,FALSE,FALSE,0,0
314,2406.754818000319,0.10160047658418042,TRUE,FALSE,5000,0
315,2652.7394035771645,0.11520316350245832,FALSE,FALSE,0,0
316,2010.5019208163794,0.10603509476188777,TRUE,TRUE,5000,3000
317,2340.976485647482,0.10131831146205342,TRUE,FALSE,5000,0
318,1844.866621703272,0.09297335012461502,FALSE,FALSE,0,0
319,2162.0831762442212,0.09332007652232792,TRUE,FALSE,5000,0
320,1934.9284728161576,0.1067794782079276,TRUE,TRUE,5000,3000
321,2048.497982496359,0.1197655744488467,TRUE,FALSE,5000,0
322,2297.5785127184568,0.10647356759397514,TRUE,FALSE,5000,0
323,1590.8896583832638,0.102311336694801,FALSE,FALSE,0,0
324,3046.19363784273,0.10922602040956984,TRUE,TRUE,5000,3000
325,1496.991309250149,0.09860822449134872,FALSE,FALSE,0,0
326,1392.9056936061338,0.0824056937040314,FALSE,FALSE,0,0
327,2579.055436750034,0.10249187263511639,TRUE,FALSE,5000,0
328,2395.831346981468,0.11830501138021521,FALSE,FALSE,0,0
329,2312.0599085260774,0.08701211769430639,TRUE,FALSE,5000,0
330,2314.17275463214,0.10760019563282663,FALSE,FALSE,0,0
331,1993.8766135765427,0.08803734754636226,TRUE,TRUE,5000,3000
332,1551.3728142570842,0.10143310737892325,FALSE,FALSE,0,0
333,2037.9022790968631,0.08386705798586878,TRUE,FALSE,5000,0
334,1661.4191442439442,0.09801483745032741,TRUE,FALSE,5000,0
335,2487.5598667088757,0.11024653315580984,FALSE,FALSE,0,0
336,1926.4713092489308,0.09390286096955928,FALSE,TRUE,0,3000
337,1587.2514016037442,0.10659646897948871,TRUE,FALSE,5000,0
338,1839.3070791735033,0.11181799843158916,TRUE,FALSE,5000,0
339,2206.4657271378123,0.1170871127791781,FALSE,TRUE,0,3000
340,1718.1377235980126,0.08938568327421814,FALSE,FALSE,0,0
341,1588.8898022167843,0.09597263663237232,FALSE,FALSE,0,0
342,2121.843605745956,0.0860966405332167,FALSE,TRUE,0,3000
343,2122.4832855543614,0.11969934008633501,FALSE,FALSE,0,0
344,1746.5284123144352,0.11708003871697181,FALSE,FALSE,0,0
345,1764.4808471908386,0.10159828521122238,TRUE,FALSE,5000,0
346,2116.0249686788184,0.11368133177505685,TRUE,FALSE,5000,0
347,1275.957829251338,0.10083831909088169,FALSE,FALSE,0,0
348,1296.2681128117224,0.10494342752011039,FALSE,FALSE,0,0
349,1640.777889373782,0.08356497728464067,TRUE,FALSE,5000,0
350,1893.2764241440764,0.11021081681987231,TRUE,TRUE,5000,3000
351,2155.4537827990025,0.08510853934540939,FALSE,FALSE,0,0
352,2737.678108474776,0.11304270521010112,FALSE,FALSE,0,0
353,2428.8298116010096,0.11128112350681543,TRUE,FALSE,5000,0
354,1920.0307350182864,0.10834978790971905,TRUE,FALSE,5000,0
355,1990.4918960486557,0.08144641522099048,TRUE,FALSE,5000,0
356,1498.7353176810957,0.09212513423781314,TRUE,FALSE,5000,0
357,1990.743432003805,0.09052450279643372,TRUE,FALSE,5000,0
358,1855.6706805399308,0.09440545629886077,TRUE,TRUE,5000,3000
359,2161.3592801690447,0.08350570987055354,FALSE,TRUE,0,3000
360,1586.3845282238385,0.1174783129212425,TRUE,FALSE,5000,0
361,2259.673257120586,0.10215208962849505,FALSE,FALSE,0,0
362,2766.369456501289,0.09222097242632094,FALSE,FALSE,0,0
363,1945.6199257715712,0.09587926068297134,TRUE,FALSE,5000,0
364,2200.8558610494706,0.09788810162019343,FALSE,FALSE,0,0
365,2345.0719958555565,0.1040237733344247,TRUE,FALSE,5000,0
366,1799.389764057082,0.10062717710785991,FALSE,FALSE,0,0
367,2112.0462409052084,0.11677567892857668,TRUE,TRUE,5000,3000
368,2006.2962003908974,0.09987853931623321,FALSE,TRUE,0,3000
369,2048.838049274416,0.1196863205929325,FALSE,FALSE,0,0
370,1613.4951080722667,0.11405699830980383,TRUE,FALSE,5000,0
371,2012.2550871294713,0.08834042057429344,TRUE,FALSE,5000,0
372,2248.999145622725,0.11722380858575665,FALSE,TRUE,0,3000
373,2725.571803897521,0.08465465591541904,FALSE,TRUE,0,3000
374,2479.6354130426034,0.11269798833964767,TRUE,FALSE,5000,0
375,3076.5912287557785,0.0952249317390632,FALSE,FALSE,0,0
376,1616.3262185559752,0.11511897281780278,TRUE,TRUE,5000,3000
377,2436.1603183603393,0.11472226760429802,FALSE,FALSE,0,0
378,2091.671002869176,0.11223701600470484,TRUE,TRUE,5000,3000
379,3094.901466608836,0.11160121745228245,FALSE,FALSE,0,0
380,1595.8508573224242,0.09218716556392163,TRUE,FALSE,5000,0
381,1580.139078909612,0.08323677132205008,TRUE,TRUE,5000,3000
382,1700.303677277989,0.09611920715060646,TRUE,FALSE,5000,0
383,938.0521378450965,0.08694098059946034,TRUE,FALSE,5000,0
384,1737.1224891596194,0.10779804355609847,FALSE,FALSE,0,0
385,1620.433669223151,0.09384398906151142,TRUE,FALSE,5000,0
386,2075.1968932381037,0.1190244080343966,FALSE,TRUE,0,3000
387,2170.87798788858,0.10563888309381328,TRUE,FALSE,5000,0
388,2938.085419607943,0.11289922254537443,TRUE,FALSE,5000,0
389,2475.2119190930252,0.08530098690967394,TRUE,FALSE,5000,0
390,1711.5481721687984,0.1144805792909049,TRUE,FALSE,5000,0
391,1550.792664325821,0.11691028762053576,TRUE,FALSE,5000,0
392,2245.9595857532527,0.09948247675275744,TRUE,FALSE,5000,0
393,1339.883396489679,0.1042501175100391,TRUE,TRUE,5000,3000
394,2915.7293829271766,0.11059239203611981,TRUE,TRUE,5000,3000
395,2589.7200603606434,0.0869935450904165,FALSE,FALSE,0,0
396,1765.4121739476477,0.1001026430585377,FALSE,FALSE,0,0
397,1143.4327354545612,0.09594652111089252,TRUE,FALSE,5000,0
398,2676.9361870827065,0.08585495968648997,TRUE,FALSE,5000,0
399,1942.730077373691,0.09470137689166126,FALSE,FALSE,0,0
400,2618.908155986731,0.08272689237541975,FALSE,TRUE,0,3000
401,1202.7861706028166,0.08103247627797948,FALSE,FALSE,0,0
402,1700.3124885231136,0.08540665156619291,TRUE,FALSE,5000,0
403,2002.6218498590915,0.11852460446356694,FALSE,FALSE,0,0
404,2023.490296882371,0.10198118143580068,FALSE,FALSE,0,0
405,1774.9672642603782,0.1186328864461288,FALSE,FALSE,0,0
406,2311.4249661737495,0.09729991513320528,FALSE,FALSE,0,0
407,1466.1897853087028,0.09247264532341039,TRUE,FALSE,5000,0
408,1928.8102574893533,0.10024567451360976,TRUE,FALSE,5000,0
409,2060.1478158559494,0.09758046754531641,FALSE,FALSE,0,0
410,2257.2194170293747,0.08422658737046976,FALSE,FALSE,0,0
411,2355.807439044445,0.10563305258760824,TRUE,FALSE,5000,0
412,1437.6789540810655,0.08864152730038398,TRUE,FALSE,5000,0
413,1232.9429146321888,0.10478351819591318,TRUE,FALSE,5000,0
414,2638.8384109492545,0.10600804369592613,TRUE,FALSE,5000,0
415,2166.157005989796,0.08608099412514593,FALSE,TRUE,0,3000
416,1625.756731721723,0.08245398508442672,FALSE,FALSE,0,0
417,2775.5759877612613,0.1112304634427376,TRUE,FALSE,5000,0
418,2057.8373171464295,0.0983920169507728,TRUE,FALSE,5000,0
419,2589.6485920319133,0.08232655182021903,TRUE,FALSE,5000,0
420,2033.7592407050545,0.11979465268679068,TRUE,FALSE,5000,0
421,3030.3739624409936,0.08231122243985467,FALSE,FALSE,0,0
422,2877.6704212216023,0.10780140915434212,FALSE,TRUE,0,3000
423,1875.5179257604632,0.11934715701053654,FALSE,FALSE,0,0
424,2485.785475477178,0.08956720416863703,TRUE,FALSE,5000,0
425,2322.6879747925736,0.08568997474748785,FALSE,FALSE,0,0
426,2684.3157787661744,0.08485539757689715,FALSE,FALSE,0,0
427,1517.5382697099478,0.09213100590270382,FALSE,FALSE,0,0
428,2343.0257299992195,0.08404183244042587,TRUE,TRUE,5000,3000
429,2529.212243424794,0.10768645366776528,TRUE,FALSE,5000,0
430,1120.6302567884427,0.08249167192520251,TRUE,FALSE,5000,0
431,1408.3707436671125,0.10037688512599159,TRUE,TRUE,5000,3000
432,980.3839111199497,0.11986787415411906,TRUE,TRUE,5000,3000
433,1865.2965827777211,0.11255881078024074,TRUE,TRUE,5000,3000
434,2358.7711278979814,0.10460877752924043,TRUE,FALSE,5000,0
435,2751.178526048014,0.09225014483146446,FALSE,TRUE,0,3000
436,2037.0473902098877,0.10495583345166554,TRUE,FALSE,5000,0
437,2814.307772785646,0.10108165855646606,TRUE,FALSE,5000,0
438,1309.9492708925543,0.09704333535561485,FALSE,FALSE,0,0
439,1148.3087803224225,0.08522841506960797,FALSE,FALSE,0,0
440,1972.2261505516906,0.11546416860961867,FALSE,FALSE,0,0
441,2192.0327244696537,0.0979913859528529,FALSE,FALSE,0,0
442,1983.6526259529535,0.08778490047283061,FALSE,FALSE,0,0
443,966.2789499800617,0.09471037403509158,FALSE,FALSE,0,0
444,1955.4399802436058,0.09656519010115708,TRUE,FALSE,5000,0
445,1347.7652497475733,0.11310151582267497,TRUE,FALSE,5000,0
446,2334.836274415019,0.10934457522245608,TRUE,FALSE,5000,0
447,2183.299123048424,0.11077219574565358,TRUE,FALSE,5000,0
448,1530.0601068363223,0.08044125057714589,TRUE,TRUE,5000,3000
449,1743.0665413316533,0.09664615992719046,FALSE,TRUE,0,3000
450,1470.3932390555242,0.09925376606541295,FALSE,FALSE,0,0
451,1968.660451363414,0.08076769107292227,FALSE,FALSE,0,0
452,2477.571160250619,0.09039252834980137,TRUE,FALSE,5000,0
453,1507.1369768322281,0.1104115929248854,FALSE,FALSE,0,0
454,2252.023257758922,0.08548438822915996,FALSE,FALSE,0,0
455,1734.8711908137795,0.10141240525810366,TRUE,FALSE,5000,0
456,1603.563583868828,0.0886080748806895,FALSE,FALSE,0,0
457,1946.4848200227211,0.08048483098575573,TRUE,FALSE,5000,0
458,1482.378838790313,0.08964805830398166,TRUE,FALSE,5000,0
459,1723.1753473264089,0.11903495019640215,FALSE,FALSE,0,0
460,1401.061053705576,0.11206148447531958,TRUE,TRUE,5000,3000
461,2982.3625664581946,0.11838306577284133,TRUE,TRUE,5000,3000
462,2017.6317759858644,0.09951416175705449,FALSE,FALSE,0,0
463,1650.1372460037073,0.08438944794710014,FALSE,FALSE,0,0
464,2106.989955367111,0.10191837955894772,TRUE,FALSE,5000,0
465,1943.8359751545852,0.09817509338239844,TRUE,TRUE,5000,3000
466,1889.5152002333884,0.11377428330958464,TRUE,FALSE,5000,0
467,2307.0833500217127,0.08392330323136979,FALSE,FALSE,0,0
468,2378.7538550236527,0.09952964548087112,TRUE,FALSE,5000,0
469,1734.7494261947363,0.08600194658775936,TRUE,FALSE,5000,0
470,1712.09087967766,0.0929870370756024,FALSE,FALSE,0,0
471,1862.474151424178,0.10949428309551199,FALSE,FALSE,0,0
472,849.0394176322077,0.09904072517475065,TRUE,FALSE,5000,0
473,1242.4044689007237,0.09503553140583078,FALSE,TRUE,0,3000
474,2683.4371337222624,0.09577905114280141,FALSE,TRUE,0,3000
475,2822.4838567506417,0.09837787073623946,TRUE,FALSE,5000,0
476,1875.4819802218108,0.11140066175348227,TRUE,FALSE,5000,0
477,2288.2784815278833,0.11568338755760937,FALSE,FALSE,0,0
478,2155.625077271768,0.11821338746015712,TRUE,FALSE,5000,0
479,3539.440404227619,0.1114761354502118,FALSE,FALSE,0,0
480,2559.787455717288,0.0926162758299205,TRUE,FALSE,5000,0
481,1936.0412042596167,0.10752538824346168,TRUE,FALSE,5000,0
482,1522.229779699787,0.09750412496221568,TRUE,FALSE,5000,0
483,1196.7768398712137,0.09018682488184204,TRUE,FALSE,5000,0
484,2101.7318179336116,0.1136348631770369,TRUE,FALSE,5000,0
485,1621.8246273578484,0.081537053958493,TRUE,FALSE,5000,0
486,1288.873145201163,0.11607047968541694,FALSE,FALSE,0,0
487,1676.7135578787368,0.09845909858498936,FALSE,TRUE,0,3000
488,1459.2259981928025,0.10548805907233122,FALSE,FALSE,0,0
489,2843.5708175362824,0.1063741568882313,FALSE,FALSE,0,0
490,2440.819878474725,0.11580470962826145,TRUE,TRUE,5000,3000
491,1996.0136793416914,0.10546678728668829,FALSE,FALSE,0,0
492,2739.972069445013,0.10455734339040247,TRUE,FALSE,5000,0
493,2038.684153823809,0.0826660816224276,FALSE,TRUE,0,3000
494,1569.3578993358683,0.10073632087780816,FALSE,FALSE,0,0
495,2761.5620386348287,0.08600676003268166,FALSE,FALSE,0,0
496,2269.455021842329,0.10949735074885941,FALSE,TRUE,0,3000
497,1481.3769228367719,0.10048887683250698,FALSE,FALSE,0,0
498,1904.830660958196,0.10720911116833413,TRUE,FALSE,5000,0
499,1562.1908733076214,0.08166691602409537,TRUE,TRUE,5000,3000
500,1308.600134517832,0.08339168064183212,FALSE,FALSE,0,0
501,2463.088773765821,0.1086529355225073,TRUE,FALSE,5000,0
502,2954.708320235065,0.08288337343994694,FALSE,TRUE,0,3000
503,1300.7162130904294,0.08285026911061034,FALSE,TRUE,0,3000
504,2281.4846183452855,0.0804843390093955,TRUE,FALSE,5000,0
505,1674.6787154390865,0.11826005593197919,FALSE,FALSE,0,0
506,1756.437308117652,0.10950033437836028,FALSE,FALSE,0,0
507,1703.8030378805654,0.09413005634008256,FALSE,FALSE,0,0
508,1568.004615160092,0.0918614232515062,FALSE,FALSE,0,0
509,2024.2608139724134,0.09398812918983399,FALSE,FALSE,0,0
510,1584.524941794481,0.11098614124724727,FALSE,FALSE,0,0
511,2135.2284128899196,0.10645482444281658,FALSE,FALSE,0,0
512,1974.8809452754315,0.08740782271469871,TRUE,FALSE,5000,0
513,1880.5259765667952,0.08696437341336337,TRUE,TRUE,5000,3000
514,1546.218168979201,0.0839358259885359,FALSE,TRUE,0,3000
515,1711.6143347158336,0.10641210878805352,TRUE,FALSE,5000,0
516,2377.695612912878,0.11057490648886943,FALSE,FALSE,0,0
517,2250.4585938121904,0.09060185713300016,FALSE,FALSE,0,0
518,1511.2223776007245,0.08083779844123651,TRUE,FALSE,5000,0
519,2049.666152714613,0.08328686669905709,FALSE,FALSE,0,0
520,2375.6935616858946,0.11871440139380121,FALSE,FALSE,0,0
521,1165.2973594393143,0.09181779109909681,TRUE,FALSE,5000,0
522,2271.6800961899676,0.11076892591352534,TRUE,FALSE,5000,0
523,1668.6881205270765,0.10498654275417055,TRUE,FALSE,5000,0
524,2285.2993342965797,0.09527758558611583,TRUE,FALSE,5000,0
525,1618.3704217287416,0.0882274904878222,FALSE,FALSE,0,0
526,1097.5589496677405,0.08485545672637626,TRUE,FALSE,5000,0
527,1186.2287810584187,0.10460051872155467,FALSE,FALSE,0,0
528,2024.0424733306909,0.11098535122551151,TRUE,FALSE,5000,0
529,2129.861250860741,0.10575617014164522,TRUE,FALSE,5000,0
530,1547.8416874477957,0.10121208532996634,FALSE,TRUE,0,3000
531,2319.296229388687,0.08167804893726545,FALSE,FALSE,0,0
532,1169.23996886552,0.11873955110377535,TRUE,FALSE,5000,0
533,1966.9601006763417,0.11194856766618298,TRUE,FALSE,5000,0
534,1394.4919001187718,0.09171288146803859,TRUE,FALSE,5000,0
535,1674.0819460989205,0.11919881317435402,TRUE,FALSE,5000,0
536,2023.699335658207,0.10407526358545288,FALSE,FALSE,0,0
537,1569.7933173580238,0.10329690632828986,TRUE,FALSE,5000,0
538,1807.7222278850872,0.10992292717718127,TRUE,FALSE,5000,0
539,2503.14640460722,0.1124707915236055,TRUE,FALSE,5000,0
540,1711.5540652384257,0.10625914429326011,FALSE,FALSE,0,0
541,2417.846056032571,0.085123829854648,FALSE,FALSE,0,0
542,1435.1465726711908,0.09353070023977994,TRUE,TRUE,5000,3000
543,2264.9020889576414,0.11712334561304198,FALSE,FALSE,0,0
544,2720.78431032895,0.08898462447375408,TRUE,FALSE,5000,0
545,764.1777499363554,0.09488668095350053,TRUE,FALSE,5000,0
546,1601.5523722647617,0.09728307531776784,FALSE,TRUE,0,3000
547,2288.53606359027,0.09757619958777808,FALSE,FALSE,0,0
548,1898.4773069785037,0.10451758329978102,FALSE,FALSE,0,0
549,2185.5729366856544,0.1177230335097883,FALSE,TRUE,0,3000
550,1698.0074066420898,0.0896277084733002,TRUE,FALSE,5000,0
551,2043.29489373645,0.08486005505203673,FALSE,FALSE,0,0
552,1922.1613823039602,0.08789881959439749,TRUE,FALSE,5000,0
553,2583.8910308299037,0.11547699600837077,FALSE,FALSE,0,0
554,2127.2104216506063,0.10583243250620825,TRUE,TRUE,5000,3000
555,2168.801331037601,0.09143627156956641,FALSE,FALSE,0,0
556,1794.0615169387663,0.11263787755874469,TRUE,TRUE,5000,3000
557,1756.1968879637532,0.11445479985453744,TRUE,FALSE,5000,0
558,1783.7209060901896,0.11386057354761112,FALSE,FALSE,0,0
559,2197.2260711891486,0.11675706134558217,TRUE,FALSE,5000,0
560,1789.5077595898686,0.09008964080693446,FALSE,TRUE,0,3000
561,2144.8874284482063,0.11020167714985113,TRUE,FALSE,5000,0
562,3037.7003993227195,0.0984215798909656,TRUE,FALSE,5000,0
563,2435.562351715846,0.11367994211560245,TRUE,FALSE,5000,0
564,1836.9882339160795,0.10913962708646452,TRUE,FALSE,5000,0
565,2600.6069610819723,0.11105789785998899,FALSE,FALSE,0,0
566,1795.9623134892242,0.10624647350724285,TRUE,FALSE,5000,0
567,980.9377324110731,0.08709715077878827,FALSE,FALSE,0,0
568,1495.9568445412979,0.10180107675587753,FALSE,FALSE,0,0
569,1064.6040394870722,0.11938678958098033,TRUE,TRUE,5000,3000
570,1824.2432579793456,0.11749552265988475,FALSE,FALSE,0,0
571,2009.2091895947758,0.08172694943188047,FALSE,FALSE,0,0
572,2838.218656137641,0.08659259262917748,FALSE,FALSE,0,0
573,2163.463686882081,0.08526915093818248,TRUE,FALSE,5000,0
574,1890.449735595568,0.10903919639941181,TRUE,TRUE,5000,3000
575,2414.702790591745,0.1127114131942778,FALSE,FALSE,0,0
576,894.4323454960575,0.08854045465242688,FALSE,TRUE,0,3000
577,2117.807279054283,0.10023410771807316,FALSE,TRUE,0,3000
578,2385.4325969434835,0.113628121120448,TRUE,FALSE,5000,0
579,1260.7068771100792,0.10931206179065002,FALSE,TRUE,0,3000
580,2571.8770216034645,0.10168948821967393,TRUE,FALSE,5000,0
581,2169.2482037472073,0.10361390761835092,TRUE,TRUE,5000,3000
582,1792.3560430495993,0.1003344218766512,TRUE,FALSE,5000,0
583,2316.3909330531424,0.09190193805275282,FALSE,FALSE,0,0
584,3135.3464289021977,0.10260087971436065,TRUE,FALSE,5000,0
585,2090.9331275292475,0.10755541208200363,TRUE,FALSE,5000,0
586,2124.110293150168,0.11493291663443231,FALSE,FALSE,0,0
587,1770.319550229878,0.10545165415916992,TRUE,FALSE,5000,0
588,1575.0778152676041,0.11044486148172632,TRUE,FALSE,5000,0
589,2415.167908272123,0.08640286539818293,TRUE,FALSE,5000,0
590,1571.9580870455663,0.0984622989767916,FALSE,FALSE,0,0
591,2035.7831186096962,0.08037326479308374,FALSE,FALSE,0,0
592,1761.1712766174417,0.08986715458086492,TRUE,FALSE,5000,0
593,2239.489912873196,0.10905846860452019,FALSE,FALSE,0,0
594,2166.8310526434743,0.11967239805397453,FALSE,FALSE,0,0
595,2518.7699721289496,0.08396712398348864,TRUE,FALSE,5000,0
596,1744.9918005726265,0.09605977263445153,FALSE,FALSE,0,0
597,1865.0625323533143,0.11200283874796638,FALSE,FALSE,0,0
598,1510.6181421088463,0.08816142538515595,FALSE,FALSE,0,0
599,1777.8533699619443,0.10220339797209145,TRUE,FALSE,5000,0
600,2188.650246522426,0.109322851841187,FALSE,FALSE,0,0
601,2378.494308322676,0.10463941801040716,FALSE,TRUE,0,3000
602,1538.9173379111874,0.08752098938461665,TRUE,FALSE,5000,0
603,2434.8029600528303,0.09421538274742958,TRUE,FALSE,5000,0
604,2677.8189294024755,0.11135167137941589,TRUE,FALSE,5000,0
605,2206.7174516118503,0.10216906056528066,TRUE,FALSE,5000,0
606,2938.397906279033,0.08020918454171651,FALSE,FALSE,0,0
607,1613.1054004482135,0.11043963040112376,TRUE,FALSE,5000,0
608,1377.6726483442915,0.08141245419760956,TRUE,FALSE,5000,0
609,1110.6398755478608,0.10982935130924928,FALSE,FALSE,0,0
610,2748.0221557445916,0.0880992224066095,TRUE,FALSE,5000,0
611,2327.182828177029,0.11832293920477521,FALSE,FALSE,0,0
612,1972.2076645447726,0.09471763005208338,TRUE,FALSE,5000,0
613,2139.98431315991,0.09307726465352316,TRUE,FALSE,5000,0
614,1437.2554763508117,0.08595552201329779,TRUE,FALSE,5000,0
615,3222.875989808413,0.0922241686196086,TRUE,TRUE,5000,3000
616,2064.6105909876137,0.11506603047312802,TRUE,FALSE,5000,0
617,2054.6973973024465,0.11985337350508989,FALSE,TRUE,0,3000
618,2362.883311949346,0.09473238122027393,FALSE,FALSE,0,0
619,2240.5046158683567,0.0979444252381817,TRUE,FALSE,5000,0
620,2111.9420121395656,0.10888283752810948,FALSE,FALSE,0,0
621,1604.762772277344,0.11544783121860297,FALSE,FALSE,0,0
622,2235.734178567998,0.10372177336747136,FALSE,FALSE,0,0
623,2941.012248237517,0.09566102792711317,TRUE,FALSE,5000,0
624,2672.7100230774886,0.09650487363394494,TRUE,FALSE,5000,0
625,2796.5933133196986,0.10782472585987227,TRUE,FALSE,5000,0
626,1744.3921617844073,0.08012873054417115,FALSE,FALSE,0,0
627,1505.1975898707096,0.10478357349839362,FALSE,FALSE,0,0
628,1937.1065399501758,0.09421972041765429,TRUE,FALSE,5000,0
629,2027.8624561443473,0.11176789325108337,TRUE,FALSE,5000,0
630,2547.0957592354744,0.08371962559292528,FALSE,TRUE,0,3000
631,1153.7676851425904,0.10352809067793561,FALSE,FALSE,0,0
632,2764.7751597303068,0.09923891559544495,FALSE,FALSE,0,0
633,1920.9960507105052,0.10569302103620909,FALSE,FALSE,0,0
634,1786.55946502629,0.08259414377931873,TRUE,TRUE,5000,3000
635,1493.9478123699164,0.10319935149712525,FALSE,FALSE,0,0
636,1172.5716640671153,0.10245938351838095,FALSE,TRUE,0,3000
637,2411.585291980957,0.10242640377664683,TRUE,FALSE,5000,0
638,2036.658983594202,0.10413950666385818,FALSE,FALSE,0,0
639,1355.019550129473,0.10705871748905449,FALSE,FALSE,0,0
640,1352.4606139681919,0.11219955998723079,TRUE,FALSE,5000,0
641,1832.107650354936,0.09079282880512857,FALSE,FALSE,0,0
642,2834.5107626446966,0.11300197640720247,FALSE,TRUE,0,3000
643,1870.2043243181977,0.09993022729053815,FALSE,TRUE,0,3000
644,1248.428523440947,0.08308233116537325,TRUE,FALSE,5000,0
645,1877.1284679570279,0.08234203716975917,TRUE,FALSE,5000,0
646,1863.6382151261648,0.09336953274784243,FALSE,FALSE,0,0
647,651.5566785292142,0.1113958790844587,TRUE,TRUE,5000,3000
648,1972.8525667410938,0.10830723738963663,FALSE,FALSE,0,0
649,1884.532734895661,0.11154459858689625,FALSE,TRUE,0,3000
650,2348.103182406709,0.10069076225766438,TRUE,TRUE,5000,3000
651,2924.4780474726726,0.09760795991821962,FALSE,FALSE,0,0
652,2563.2825147738786,0.08589810106825135,FALSE,FALSE,0,0
653,1865.5556547225847,0.09312771014437246,TRUE,TRUE,5000,3000
654,1446.7370456291649,0.09736077464695501,FALSE,FALSE,0,0
655,3286.67990162493,0.0835440171871847,FALSE,TRUE,0,3000
656,2029.609217007244,0.08882447810844846,FALSE,FALSE,0,0
657,2006.964645956473,0.10392901176254955,FALSE,FALSE,0,0
658,1987.9374564449984,0.10942652456956758,TRUE,TRUE,5000,3000
659,2099.0423803839276,0.11993390045571797,FALSE,FALSE,0,0
660,1927.8197940380287,0.1173245332537423,FALSE,FALSE,0,0
661,1713.1689965598819,0.10570260798140765,FALSE,FALSE,0,0
662,1726.570529379804,0.09684992213176288,FALSE,FALSE,0,0
663,1983.6233648920008,0.10544709458832931,TRUE,TRUE,5000,3000
664,1728.2876144331176,0.11142606472320928,FALSE,TRUE,0,3000
665,1643.5771086614177,0.0847334476369355,TRUE,FALSE,5000,0
666,2053.2151138459485,0.09639619558785154,TRUE,FALSE,5000,0
667,1872.5113912895724,0.11359209142542469,TRUE,TRUE,5000,3000
668,2751.9964942913443,0.09535331807732175,FALSE,FALSE,0,0
669,674.515095803494,0.10287489084908746,FALSE,TRUE,0,3000
670,2545.7534259612307,0.10351077443448793,FALSE,FALSE,0,0
671,2623.0425962488143,0.08737905012534558,FALSE,FALSE,0,0
672,963.3048837959252,0.09448941766609154,FALSE,TRUE,0,3000
673,1828.6562029598256,0.09338045154967728,FALSE,FALSE,0,0
674,1814.2795670021042,0.0810478683412826,TRUE,FALSE,5000,0
675,1296.2441526410894,0.08096767055565421,TRUE,FALSE,5000,0
676,1611.0916562045622,0.11326788174703094,TRUE,FALSE,5000,0
677,1444.7120772670855,0.0909228323989125,FALSE,FALSE,0,0
678,2876.1352217118115,0.10072315064955262,FALSE,FALSE,0,0
679,2467.8391965737305,0.09194902294355092,TRUE,FALSE,5000,0
680,2635.7775474970795,0.11762716980461362,TRUE,FALSE,5000,0
681,2360.8360320216175,0.09037187035463096,FALSE,FALSE,0,0
682,1435.4741143913852,0.0971862725095574,TRUE,FALSE,5000,0
683,1737.7398668601131,0.11490921001938406,FALSE,TRUE,0,3000
684,2244.687280613959,0.11367734267167234,FALSE,FALSE,0,0
685,1388.9360955540274,0.0874440567138511,TRUE,FALSE,5000,0
686,2356.499215086194,0.11210573239182842,TRUE,FALSE,5000,0
687,1879.8373009209324,0.0983274754695157,FALSE,FALSE,0,0
688,1812.5895962252011,0.09931875488341421,FALSE,FALSE,0,0
689,2355.4799841017457,0.08533919889663776,FALSE,FALSE,0,0
690,2222.13165574302,0.08322406055028499,FALSE,FALSE,0,0
691,1819.51691709046,0.10911757227895061,TRUE,TRUE,5000,3000
692,2579.664901682124,0.09985844609421199,FALSE,FALSE,0,0
693,1459.4683362000515,0.09747402810460717,FALSE,FALSE,0,0
694,2307.967803472132,0.10918032914609586,FALSE,FALSE,0,0
695,2296.550628984192,0.1106205159596444,TRUE,TRUE,5000,3000
696,1845.226780343005,0.08635632670677415,FALSE,FALSE,0,0
697,2163.066511121059,0.10440900597910566,FALSE,FALSE,0,0
698,1374.4432118073487,0.08541416329110742,TRUE,TRUE,5000,3000
699,2462.0135096034505,0.11005500344116183,TRUE,FALSE,5000,0
700,1907.5489317785054,0.10627820625068558,FALSE,FALSE,0,0
701,1738.6384897404803,0.11826458484333832,TRUE,FALSE,5000,0
702,2524.5046129184448,0.08275832065425685,TRUE,FALSE,5000,0
703,1647.8281547286203,0.08228218884605018,TRUE,FALSE,5000,0
704,1295.76935181822,0.091287482987728,FALSE,TRUE,0,3000
705,1221.685413238048,0.09046822734943624,FALSE,FALSE,0,0
706,2303.00497567282,0.08987915196287999,FALSE,FALSE,0,0
707,1359.7853237518584,0.11625018322084146,TRUE,FALSE,5000,0
708,2877.3970909921823,0.08998184799398025,FALSE,TRUE,0,3000
709,959.035296058139,0.09087798904514524,FALSE,TRUE,0,3000
710,2848.228184145019,0.11037593049671854,FALSE,FALSE,0,0
711,2105.5087336013094,0.0979895936980216,FALSE,FALSE,0,0
712,1951.6434440648038,0.11106842227820725,TRUE,FALSE,5000,0
713,1727.540456595525,0.08261464630257541,FALSE,FALSE,0,0
714,2199.5680571760354,0.09950284774693537,TRUE,TRUE,5000,3000
715,1981.1826487875758,0.08134454400733131,FALSE,TRUE,0,3000
716,2551.650941008261,0.08250612813821419,TRUE,FALSE,5000,0
717,2057.1138243310197,0.11625749813377644,TRUE,FALSE,5000,0
718,2075.1508807309388,0.0855698148447038,TRUE,TRUE,5000,3000
719,1818.193893893072,0.10129682729100868,FALSE,FALSE,0,0
720,1971.5271881394663,0.09644382410402827,TRUE,FALSE,5000,0
721,2153.9008844460295,0.0938937330503537,FALSE,FALSE,0,0
722,1144.9158036716872,0.11599333382749089,TRUE,FALSE,5000,0
723,1325.9072889471436,0.08087293587101958,TRUE,FALSE,5000,0
724,2371.6320470113574,0.10655158744702356,FALSE,FALSE,0,0
725,2085.432719063971,0.11853577736854201,TRUE,FALSE,5000,0
726,1908.0083318236605,0.10240672733847367,TRUE,FALSE,5000,0
727,2009.2169665326967,0.11747289848132367,FALSE,FALSE,0,0
728,2173.7908526808355,0.08209031517144096,TRUE,FALSE,5000,0
729,1730.1201598453192,0.09675173276296645,TRUE,FALSE,5000,0
730,1610.8476372988437,0.09040631163848205,TRUE,FALSE,5000,0
731,2097.922627548841,0.10923283859922919,FALSE,FALSE,0,0
732,1510.813611192484,0.11925188361988986,FALSE,TRUE,0,3000
733,2204.126377857236,0.09026120249776991,FALSE,FALSE,0,0
734,1148.7081978810797,0.10616698405896298,FALSE,FALSE,0,0
735,2514.5778186628218,0.0879239053103896,TRUE,FALSE,5000,0
736,2236.2987412065213,0.1026132101828644,TRUE,FALSE,5000,0
737,2128.0148671569377,0.09855729946753344,FALSE,TRUE,0,3000
738,2491.345491972757,0.11888021318526149,TRUE,FALSE,5000,0
739,2832.7372222312883,0.10434109090785866,TRUE,TRUE,5000,3000
740,2507.1850325090654,0.09398025488347275,TRUE,FALSE,5000,0
741,1079.5628843341774,0.08456383139551733,TRUE,FALSE,5000,0
742,1360.2115166321491,0.08604987314939738,FALSE,FALSE,0,0
743,1687.5907111521606,0.08901267719804941,TRUE,FALSE,5000,0
744,2013.0455251054168,0.09003866645361192,FALSE,FALSE,0,0
745,2258.8295102345614,0.11402464231364551,TRUE,FALSE,5000,0
746,1637.1280934232673,0.10244891153130099,FALSE,FALSE,0,0
747,2093.383382238539,0.10093563645497466,TRUE,FALSE,5000,0
748,1622.3085338233386,0.0845907548747687,TRUE,FALSE,5000,0
749,1694.241098504026,0.1144055877339774,FALSE,FALSE,0,0
750,1296.6694515758888,0.10891257212833935,FALSE,FALSE,0,0
751,1538.3833769445478,0.08270673447600006,TRUE,FALSE,5000,0
752,1324.1576971918332,0.10831340388919075,TRUE,FALSE,5000,0
753,1512.0633735113336,0.10174152869370584,TRUE,FALSE,5000,0
754,2526.82089830392,0.08326901382987113,TRUE,FALSE,5000,0
755,1525.3005555840284,0.09833202566114625,TRUE,FALSE,5000,0
756,3316.1910324186956,0.09938785148520188,TRUE,FALSE,5000,0
757,2246.6589504404446,0.08663098160653103,TRUE,FALSE,5000,0
758,2092.418061847437,0.11782792588001129,TRUE,FALSE,5000,0
759,1570.8211099093933,0.11399901485922648,FALSE,FALSE,0,0
760,2350.1549397044955,0.10676089349316434,FALSE,TRUE,0,3000
761,1712.181086881113,0.09849182244002429,FALSE,FALSE,0,0
762,2061.0049073226805,0.09647062166338034,TRUE,TRUE,5000,3000
763,3280.0422691343974,0.10603893868603817,TRUE,FALSE,5000,0
764,1951.9700501376751,0.10181727477627622,FALSE,FALSE,0,0
765,2574.6366631428377,0.08249092423527543,TRUE,FALSE,5000,0
766,1648.4117874370563,0.10050010595081327,TRUE,FALSE,5000,0
767,1982.5057547515191,0.11225614468931358,FALSE,FALSE,0,0
768,2885.400317817755,0.09836959510387833,FALSE,FALSE,0,0
769,1686.5164711061163,0.08207826310217074,FALSE,FALSE,0,0
770,2906.2242789984643,0.11145112797536133,TRUE,TRUE,5000,3000
771,2353.8759677277376,0.08805455128543897,TRUE,TRUE,5000,3000
772,1718.766612052866,0.09034483339552155,FALSE,FALSE,0,0
773,2316.2038695277606,0.08658825413729183,TRUE,FALSE,5000,0
774,2486.277224813365,0.0932086025948599,FALSE,FALSE,0,0
775,2310.9049811085983,0.1102700602275454,FALSE,FALSE,0,0
776,1214.8876400547717,0.10077543438015749,FALSE,FALSE,0,0
777,1636.4314120875656,0.08819525096602851,TRUE,FALSE,5000,0
778,1876.2406822242476,0.11511320312608163,TRUE,FALSE,5000,0
779,1962.7832854499768,0.11518327419806117,FALSE,FALSE,0,0
780,2310.336048775339,0.11482313700184027,FALSE,FALSE,0,0
781,2088.8505004666267,0.08955184845526157,FALSE,FALSE,0,0
782,1332.3278206449495,0.09804957376723952,TRUE,FALSE,5000,0
783,2190.0989255029817,0.119399586245635,TRUE,FALSE,5000,0
784,2305.2928726419113,0.1108804990523996,FALSE,FALSE,0,0
785,2279.89522396552,0.0810866968490224,FALSE,FALSE,0,0
786,2540.3903627773107,0.08260818365041968,FALSE,FALSE,0,0
787,2416.961077274452,0.09855725507249331,TRUE,FALSE,5000,0
788,2229.5900396142183,0.11636880823446241,FALSE,FALSE,0,0
789,1964.9171442706765,0.10154807191810857,FALSE,FALSE,0,0
790,1169.5195332420044,0.09991250032137161,FALSE,TRUE,0,3000
791,2214.809109566293,0.08421894799826522,TRUE,TRUE,5000,3000
792,2103.8438435815556,0.10627120418897176,TRUE,FALSE,5000,0
793,2135.7894185976866,0.11288412642400902,FALSE,FALSE,0,0
794,1361.6257120898454,0.0952168003003025,TRUE,TRUE,5000,3000
795,1459.4717297958687,0.1110244740370131,TRUE,FALSE,5000,0
796,2526.576426666452,0.11857906615603246,FALSE,FALSE,0,0
797,1980.2224230716724,0.08815065836510756,TRUE,FALSE,5000,0
798,2340.7503486863125,0.10093318524778966,FALSE,FALSE,0,0
799,2014.1591880652306,0.09148551832338302,TRUE,FALSE,5000,0
800,2014.8780697478726,0.11171417676135356,FALSE,FALSE,0,0
801,2469.141902987999,0.1031037346352463,FALSE,TRUE,0,3000
802,1741.9776358913132,0.10538329670201214,TRUE,TRUE,5000,3000
803,2048.0603884704915,0.11191656638463576,TRUE,FALSE,5000,0
804,1768.8623556474788,0.0958388189064982,TRUE,TRUE,5000,3000
805,1782.7518862838422,0.11660360273628173,TRUE,FALSE,5000,0
806,1845.4139382656804,0.1013211546898456,FALSE,FALSE,0,0
807,2111.0668858168565,0.08631819291341392,FALSE,FALSE,0,0
808,1760.6256891682613,0.1078359647267521,TRUE,TRUE,5000,3000
809,2627.8780627867604,0.11173045401753018,TRUE,FALSE,5000,0
810,1552.696348890248,0.09267046708270106,TRUE,FALSE,5000,0
811,1906.5641779193204,0.11428717027995011,FALSE,FALSE,0,0
812,1780.1344708629126,0.11624573019063066,TRUE,TRUE,5000,3000
813,2723.4889421768667,0.09107617949511236,FALSE,FALSE,0,0
814,2098.277388255787,0.11934085890860888,FALSE,FALSE,0,0
815,2515.9222697343175,0.08562846112195034,FALSE,FALSE,0,0
816,1257.219813481514,0.0880806267360996,TRUE,FALSE,5000,0
817,2133.5251329346293,0.08736899356952105,FALSE,TRUE,0,3000
818,2444.8153978117184,0.1157595884003148,TRUE,TRUE,5000,3000
819,2041.141994637712,0.10617170209299848,TRUE,FALSE,5000,0
820,2532.7401875326755,0.08608417132889092,FALSE,FALSE,0,0
821,1741.3557749498138,0.09761293673473395,FALSE,FALSE,0,0
822,2704.67372009279,0.10461192100279208,TRUE,FALSE,5000,0
823,3149.449061809625,0.08333856339957534,TRUE,TRUE,5000,3000
824,1818.5807197801705,0.11529665473629355,TRUE,FALSE,5000,0
825,1777.248739299614,0.11214414141766141,TRUE,FALSE,5000,0
826,2726.6922385588505,0.10020827094306553,TRUE,FALSE,5000,0
827,2789.7860728653563,0.11868506461036682,TRUE,FALSE,5000,0
828,1738.569986423366,0.09671043917100398,TRUE,FALSE,5000,0
829,1789.9065914520713,0.1193644127614599,FALSE,FALSE,0,0
830,1859.1076955697463,0.10671679995214509,FALSE,FALSE,0,0
831,1327.7747444828615,0.10538685093015765,FALSE,FALSE,0,0
832,1540.674026757901,0.0866381958118314,TRUE,FALSE,5000,0
833,1497.929616623966,0.11527711033218575,FALSE,FALSE,0,0
834,1616.1012174479358,0.0970995875168246,FALSE,TRUE,0,3000
835,1982.6575563066094,0.08648933623129917,FALSE,FALSE,0,0
836,2117.10736626826,0.08050430079903036,FALSE,FALSE,0,0
837,2775.2502464070385,0.1023902273455353,FALSE,FALSE,0,0
838,1500.8229796306046,0.10109598488490705,FALSE,FALSE,0,0
839,2492.161199238292,0.10877414489476633,TRUE,FALSE,5000,0
840,1893.0055778872456,0.11561032212071208,FALSE,TRUE,0,3000
841,1975.2681451737835,0.08317626338572118,FALSE,FALSE,0,0
842,2337.409746083302,0.1092598596136145,FALSE,FALSE,0,0
843,1438.6389892188508,0.08749647776390329,FALSE,FALSE,0,0
844,2191.204873092025,0.11432708212628656,TRUE,FALSE,5000,0
845,2083.226104106528,0.11276254055446625,TRUE,FALSE,5000,0
846,2246.2256320040747,0.10163175019942178,FALSE,TRUE,0,3000
847,2144.5843219539092,0.10840971194493246,FALSE,TRUE,0,3000
848,3227.650069955447,0.09257400452734993,FALSE,FALSE,0,0
849,1681.130007874342,0.09884671595731259,TRUE,FALSE,5000,0
850,1734.5015224990912,0.11286547590841886,TRUE,FALSE,5000,0
851,1688.429736787618,0.09837060788692856,FALSE,TRUE,0,3000
852,1722.2614404198725,0.09431193061301767,FALSE,FALSE,0,0
853,1681.306436346741,0.09976849789001199,FALSE,FALSE,0,0
854,2594.508265553776,0.11312997009748874,TRUE,FALSE,5000,0
855,2710.2521239949274,0.0934083218948349,FALSE,TRUE,0,3000
856,1714.6268531252617,0.08695046372542975,TRUE,TRUE,5000,3000
857,1583.8222134478856,0.10848056081323124,FALSE,FALSE,0,0
858,2235.707778193202,0.11303912850832326,TRUE,FALSE,5000,0
859,1723.8884778595143,0.08402549914094133,TRUE,FALSE,5000,0
860,2316.4659088777553,0.0895949645102378,FALSE,TRUE,0,3000
861,2101.46151042565,0.08567887959043975,FALSE,FALSE,0,0
862,1242.127942501384,0.09391765646328666,TRUE,FALSE,5000,0
863,2773.752600665031,0.09801403915621651,FALSE,FALSE,0,0
864,2897.9388365477607,0.10995305347853226,TRUE,FALSE,5000,0
865,1693.6056547578069,0.10604590339526695,TRUE,FALSE,5000,0
866,1806.1492200320079,0.10483714269913724,TRUE,TRUE,5000,3000
867,2142.9326953624523,0.09409499786438617,TRUE,FALSE,5000,0
868,2167.2283949935127,0.11365790212339039,FALSE,FALSE,0,0
869,2329.2721363364153,0.09885148669592658,TRUE,FALSE,5000,0
870,3005.1022693831746,0.11916419752060617,TRUE,FALSE,5000,0
871,1911.5263862529753,0.10536568553182947,FALSE,FALSE,0,0
872,1600.851377730773,0.08505058966258011,TRUE,TRUE,5000,3000
873,1310.3403859927364,0.10704710248301735,FALSE,FALSE,0,0
874,1634.5349800290405,0.09300416061726796,TRUE,TRUE,5000,3000
875,1983.4365135631015,0.1074530878674439,FALSE,TRUE,0,3000
876,2897.278931758894,0.08278564592649623,TRUE,FALSE,5000,0
877,1741.1943504819142,0.08699525748703837,TRUE,FALSE,5000,0
878,2111.893975819449,0.11422949035623145,TRUE,FALSE,5000,0
879,1991.788551963624,0.08908718228094059,TRUE,FALSE,5000,0
880,2594.196636724042,0.11348164500971761,TRUE,FALSE,5000,0
881,3263.4662129368107,0.09117104353817641,FALSE,FALSE,0,0
882,1734.5656135398397,0.1057152764023483,FALSE,FALSE,0,0
883,1755.280278740889,0.10776602294039324,FALSE,FALSE,0,0
884,2522.080438534536,0.10050619012580211,FALSE,FALSE,0,0
885,2340.9457448131557,0.09221242706786925,TRUE,FALSE,5000,0
886,2923.3536628680167,0.08850577505484385,TRUE,FALSE,5000,0
887,2291.964092662982,0.08132757418249704,TRUE,FALSE,5000,0
888,1820.3539546064703,0.09215785604962895,TRUE,FALSE,5000,0
889,2295.327415346155,0.10612651162125132,FALSE,TRUE,0,3000
890,2554.3517902914537,0.1175321927379393,FALSE,FALSE,0,0
891,2410.241090598682,0.11484817929052207,TRUE,TRUE,5000,3000
892,2253.637015553649,0.1106425910614121,TRUE,FALSE,5000,0
893,2533.337344794577,0.11153789373013195,FALSE,FALSE,0,0
894,2584.6477952228365,0.1065993961390398,FALSE,FALSE,0,0
895,2691.0794955187635,0.09041147430264013,TRUE,FALSE,5000,0
896,2324.3549437948213,0.11628780122823319,FALSE,FALSE,0,0
897,1916.4409598415727,0.10682929247623335,FALSE,FALSE,0,0
898,2073.356843216661,0.1024176252392176,TRUE,FALSE,5000,0
899,2603.2544832541785,0.08443957876853925,TRUE,FALSE,5000,0
900,1591.5321645063818,0.09788222175225701,FALSE,TRUE,0,3000
901,2184.3366544364508,0.09841433084807705,FALSE,TRUE,0,3000
902,1803.3305938363196,0.11458254438090679,FALSE,FALSE,0,0
903,2014.3724114674087,0.10186592880751154,TRUE,FALSE,5000,0
904,2639.2259313036493,0.09521602195881639,TRUE,FALSE,5000,0
905,2095.5495340099515,0.11907201314042637,FALSE,FALSE,0,0
906,2023.2182740780745,0.08442882373305263,FALSE,TRUE,0,3000
907,1320.0719295100403,0.09690193713247779,TRUE,TRUE,5000,3000
908,2373.1267830136103,0.0816809870068562,FALSE,FALSE,0,0
909,2322.7420905705376,0.10959616483067722,FALSE,TRUE,0,3000
910,3081.62736165273,0.11672306208796601,FALSE,FALSE,0,0
911,1846.1108825234996,0.09120149318201957,FALSE,FALSE,0,0
912,2109.5751638319693,0.11433366707196482,FALSE,FALSE,0,0
913,2124.691841855378,0.09168872921847591,TRUE,TRUE,5000,3000
914,2788.7266398817374,0.1164308064657566,FALSE,TRUE,0,3000
915,1952.352233806524,0.11015847614387135,TRUE,TRUE,5000,3000
916,2139.5107628851697,0.11219627107365754,FALSE,FALSE,0,0
917,2303.9482548582696,0.08072026222401818,TRUE,FALSE,5000,0
918,2093.304561578179,0.11851241428296103,FALSE,FALSE,0,0
919,1776.783192724736,0.10906683968281293,TRUE,FALSE,5000,0
920,2097.0449964491536,0.09219004381544534,TRUE,FALSE,5000,0
921,2536.815874929886,0.11317578659435387,TRUE,TRUE,5000,3000
922,1486.7423502944698,0.0912608479365972,TRUE,FALSE,5000,0
923,2066.484837073438,0.11491015358264511,FALSE,FALSE,0,0
924,1649.9395925304134,0.08450321561647749,FALSE,FALSE,0,0
925,2597.5233144624212,0.10814743909843183,FALSE,FALSE,0,0
926,1238.4065476081128,0.10162793906579641,TRUE,FALSE,5000,0
927,1720.5390763642058,0.08386137880781763,TRUE,FALSE,5000,0
928,2188.60593753226,0.08967575313035356,TRUE,FALSE,5000,0
929,2782.7620146171703,0.08049616145109259,TRUE,FALSE,5000,0
930,1967.124869463506,0.09875071861858023,FALSE,FALSE,0,0
931,1722.4002366534007,0.09205061043040001,TRUE,FALSE,5000,0
932,2940.578534720295,0.10393429937191034,TRUE,FALSE,5000,0
933,1275.993049791878,0.09188951230834469,TRUE,FALSE,5000,0
934,900.5970216899591,0.09199676446027939,TRUE,TRUE,5000,3000
935,2220.007225026666,0.10972772794926414,FALSE,FALSE,0,0
936,1748.9728878236945,0.08192571343913414,FALSE,FALSE,0,0
937,1489.3835914346434,0.11611579980767948,TRUE,FALSE,5000,0
938,2354.1782236496765,0.11409055497564725,TRUE,FALSE,5000,0
939,2121.9003568855996,0.10671218732905625,TRUE,TRUE,5000,3000
940,1717.9606846316358,0.10372886280429537,TRUE,FALSE,5000,0
941,1359.8478006645528,0.11569209992558609,TRUE,TRUE,5000,3000
942,2436.2286641400724,0.08741320718114858,FALSE,FALSE,0,0
943,2325.1005889793305,0.08315876648763315,FALSE,FALSE,0,0
944,1950.4120681103086,0.08958040679638152,FALSE,FALSE,0,0
945,2923.318498023833,0.11178313114800761,TRUE,FALSE,5000,0
946,1464.9576168369238,0.08138681066905934,TRUE,FALSE,5000,0
947,1237.2374145376307,0.10331227340333958,FALSE,FALSE,0,0
948,1654.0459650593777,0.1198175006476524,FALSE,FALSE,0,0
949,1977.206991822251,0.11422784375350158,FALSE,FALSE,0,0
950,2121.6697246613458,0.10085782756174358,TRUE,FALSE,5000,0
951,1879.381971071835,0.0825456363714657,FALSE,FALSE,0,0
952,2176.0276982571486,0.1132549405754284,TRUE,TRUE,5000,3000
953,1374.230287904778,0.10395914032708842,FALSE,FALSE,0,0
954,2721.88230203663,0.08459731988238267,FALSE,FALSE,0,0
955,1958.9244108037155,0.08375429139293425,FALSE,FALSE,0,0
956,2558.647915794064,0.11638507277746368,TRUE,TRUE,5000,3000
957,2171.362673188852,0.10676801051752313,FALSE,FALSE,0,0
958,2228.376609576892,0.11317147197267022,TRUE,FALSE,5000,0
959,2284.883640116102,0.11515915601129069,TRUE,TRUE,5000,3000
960,2223.8542800086575,0.1028708940819329,TRUE,FALSE,5000,0
961,2321.361379933772,0.10069785407020165,FALSE,FALSE,0,0
962,2664.5762650662155,0.0972170964128396,TRUE,FALSE,5000,0
963,2098.260584850735,0.09267786351164477,TRUE,FALSE,5000,0
964,2354.5018787942563,0.09738383843434847,FALSE,FALSE,0,0
965,1955.1321528563867,0.11095518622920625,TRUE,TRUE,5000,3000
966,2720.0586077247362,0.10407693724060527,FALSE,FALSE,0,0
967,1661.8038489703652,0.11570093159819383,TRUE,FALSE,5000,0
968,2900.470216455408,0.0977352005751675,TRUE,FALSE,5000,0
969,1979.9210246778282,0.10428358314875016,FALSE,FALSE,0,0
970,1284.6124489409758,0.10525230212367954,TRUE,FALSE,5000,0
971,2064.0522074553946,0.10366788649225302,TRUE,FALSE,5000,0
972,1659.4741712625596,0.10810535092342065,FALSE,TRUE,0,3000
973,2420.321774494362,0.08949733873499226,FALSE,FALSE,0,0
974,1673.6880103488045,0.10049455110183163,FALSE,FALSE,0,0
975,1776.9082833926102,0.0841689921123339,TRUE,FALSE,5000,0
976,1055.2296345272343,0.0953804531057925,TRUE,FALSE,5000,0
977,1773.8468403754616,0.09950668274485058,FALSE,TRUE,0,3000
978,788.0603366855216,0.1060889703818189,FALSE,FALSE,0,0
979,1208.0485882571384,0.11802124210344814,FALSE,FALSE,0,0
980,2380.207328072149,0.10402604266193423,FALSE,FALSE,0,0
981,2392.9000793254163,0.10974375664706239,FALSE,FALSE,0,0
982,2212.7287808924825,0.1002506423798081,TRUE,FALSE,5000,0
983,1516.5119284353934,0.10536416125505325,TRUE,TRUE,5000,3000
984,1976.1443219290102,0.08283728864535093,FALSE,FALSE,0,0
985,1998.1987304547158,0.09017566323367388,TRUE,TRUE,5000,3000
986,1420.8176554037286,0.09447412372820554,TRUE,FALSE,5000,0
987,2751.6991508835754,0.09889973420026055,FALSE,FALSE,0,0
988,2438.6811452878355,0.08182594982009535,FALSE,TRUE,0,3000
989,1889.517913085168,0.0856009639021327,TRUE,FALSE,5000,0
990,2013.4429194972654,0.09107257231165224,TRUE,FALSE,5000,0
991,2104.1914039737762,0.11886130763604202,TRUE,FALSE,5000,0
992,979.1325657878547,0.09325388028412203,FALSE,FALSE,0,0
993,1876.4113087397016,0.0992816423244833,FALSE,FALSE,0,0
994,1659.0078760011006,0.08784390850953572,TRUE,FALSE,5000,0
995,1499.1899950525421,0.10443120284303073,TRUE,FALSE,5000,0
996,1859.4498535570226,0.09122732862063897,FALSE,TRUE,0,3000
997,2898.843263424761,0.08827970313753707,TRUE,FALSE,5000,0
998,2320.4214306335048,0.10066290513783915,FALSE,FALSE,0,0
999,1714.4105051086017,0.08022023196641684,FALSE,FALSE,0,0
1000,2286.291390678079,0.08030656130596901,TRUE,FALSE,5000,0
,,,,,"2537,537538","597,5975976"
,,,,,,"3135,135135"
,,,,,,201
,,,,,,"3336,135135"